Name,Price,Rating
TP-Link Tapo 360° 2MP 1080p Full HD Pan/Tilt Home Security Wi-Fi Smart Camera| Alexa Enabled| 2-Way Audio| Night Vision| Motion Detection| Sound and Light Alarm| Indoor CCTV (Tapo C200) White,"₹2,098",4.3 out of 5 stars
"MI Xiaomi Wireless Home Security Camera 2i 2022 Edition | Full HD Picture | 360 View | 2MP | AI Powered Motion Detection | Enhanced Night Vision| Talk Back Feature (2 Way Calling), 1080p, White","₹2,698",4.1 out of 5 stars
"CP PLUS 2MP Full HD Smart Wi-Fi CCTV Home Security Camera | 360° with Pan Tilt | View & Talk | Motion Alert | Night Vision | SD Card (Upto 128 GB), Alexa & Google Support | IR Distance 10mtr | CP-E25A","₹1,497",3.7 out of 5 stars
"EZVIZ by Hikvision|WiFi Outdoor Security Camera to Secure Your Property with FullHD 1080p Resolution|Night Vision|IP66 Water & Dust Protection|Built in MicroSD Card Upto 256GB, White(C3WN)","₹3,295",3.9 out of 5 stars
TP-Link Tapo C210 360° 3MP Full HD 2304 X 1296P Video Pan/Tilt Smart Wi-Fi Security Camera | Alexa Enabled | 2-Way Audio| Night Vision| Motion Detection | Indoor CCTV White,"₹2,498",4.3 out of 5 stars
"Imou 360° 1080P Full HD Security Camera, Human Detection, Motion Tracking, 2-Way Audio, Night Vision, Dome Camera with WiFi & Ethernet Connection, Alexa Google Assistant, Up to 256GB SD Card Support","₹1,609",4.1 out of 5 stars
Canon EOS 1500D 24.1 Digital SLR Camera (Black) with EF S18-55 is II Lens,"₹41,989",4.4 out of 5 stars
"CP PLUS 3MP Full HD Smart Wi-fi CCTV Home Security Camera | 360° View | 2 Way Talk | Cloud Monitor | Motion Detect | Night Vision | Supports SD Card, Alexa & Ok Google | 15 Mtr, White- CP-E31A","₹1,797",3.8 out of 5 stars
"PHILIPS Indoor 360° 3 MP 2K Resolution WiFi Security Camera | Pan, Tilt & Zoom (PTZ) | 2 Way Talk | Motion & Sound Detection | Enhanced Night Vision| 2 Year Warranty","₹3,399",4.5 out of 5 stars
FitSpark Eagle i9 Plus IPS Touchscreen Professional Dual Screen Real 4K 30FPS WiFi Action Camera | Smoother Anti-Shake | Better 6-Axis Gyro EIS Stabilization | 2.5mm External MIC Support | Wind NR,"₹8,499",4.2 out of 5 stars
Canon EOS 200D II 24.1MP Digital SLR Camera + EF-S 18-55mm f4 is STM Lens (Black),"₹58,988",4.5 out of 5 stars
Action Camera 1080P 12MP Sports Camera Full HD 2.0 Inch Action Cam 30m/98ft Underwater Waterproof Camera with Mounting Accessories,"₹1,299",2.8 out of 5 stars
Qubo Smart 360 WiFi CCTV Security Camera for Home from Hero Group | 2MP 1080p Full HD| Mobile App | Two Way Talk | Night Vision | Cloud & SD Card Recording | Made in India | Alexa & OK Google |,"₹1,986",4.0 out of 5 stars
Panasonic LUMIX G7 16.00 MP 4K Mirrorless Interchangeable Lens Camera Kit with 14-42 mm Lens (Black) with 3x Optical Zoom,"₹39,490",4.4 out of 5 stars
"Nikon Z6 II Mirrorless Camera Z 24-70mm Lens with Additional Battery, Optical Zoom, Black","₹1,79,989",4.8 out of 5 stars
"Godrej Security Solutions EVE PRO panTilt Smart WiFi Security Camera for Home with 350 Degree 3MP (HD) | 2-Way Audio | Night Vision | Smart Motion Tracking | Humanoid Detection, Alarm System, White","₹2,099",4.0 out of 5 stars
"MI 360 Home Security Wireless Camera 2K Pro with Bluetooth Gateway BLE 4.2 l Dual Band Wi-fi Connection l 3 Million HD 1296p| Full Color in Low-Light | AI Human Detection, White","₹4,198",4.1 out of 5 stars
"EZVIZ by Hikvision|C1C-B WiFi Indoor Home Smart Security Camera| 2 Way Talk 1080p Full HDl Privacy Protection| Night Vision| Motion Detection| BuiltIn MicroSD Card Upto 256GB | Alexa & Google, White","₹1,980",4.0 out of 5 stars
Canon EOS 1500D 24.1 Digital SLR Camera (Black) with EF S18-55 is II Lens,"₹41,989",4.4 out of 5 stars
Canon EOS 1500D 24.1 Digital SLR Camera (Black) with EF S18-55 is II Lens,"₹41,989",4.4 out of 5 stars
"Canon EOS 3000D 18MP Digital SLR Camera (Black) with 18-55mm is II Lens, 16GB Card and Carry Case","₹32,990",4.2 out of 5 stars
Canon EOS 200D II 24.1MP Digital SLR Camera + EF-S 18-55mm f4 is STM Lens (Black),"₹58,988",4.5 out of 5 stars
"Sevenat Digital Camera for Kids Boys and Girls - 36MP Children's Camera with 32GB SD Card，Full HD 1080P Rechargeable Electronic Mini Camera for Students, Teens, Kids,Pink","₹8,409",4.1 out of 5 stars
Canon EOS 1500D 24.1 Digital SLR Camera (Black) with EF S18-55 is II Lens,"₹41,989",4.4 out of 5 stars
"Canon EOS 3000D 18MP Digital SLR Camera (Black) with 18-55mm is II Lens, 16GB Card and Carry Case","₹32,990",4.2 out of 5 stars
Canon EOS 200D II 24.1MP Digital SLR Camera + EF-S 18-55mm f4 is STM Lens (Black),"₹58,988",4.5 out of 5 stars
"Sony Alpha ILCE-6100Y 24.2 MP Mirrorless Digital SLR Camera with 16-50 mm and 55-210 mm Zoom Lenses (APS-C Sensor, Fast Auto Focus,Real-time Eye AF,Real-time Tracking,Vlogging & Tiltable Screen),Black","₹80,989",4.6 out of 5 stars
